word1,op1,word2,op2,word3,skipgram_ns_word,skipgram_hs_word,cbow_ns_word,cbow_hs_word
rotate,,uss,,albania,departed,departed,minted,anecdotal
humber,,perils,,lakewood,hodgson,hodgson,obstructions,cerie
alphonso,,åberget,,socks,södra,södra,tous,cosmological
coiner,,digs,,distributions,tyrwhitt,tyrwhitt,relaying,thao
charted,,merging,,singles,thorny,thorny,jayatilleke,sylvanus
griesemer,,withdraws,,tunneling,chaffetz,chaffetz,mortimer,indistinct
katra,,workouts,,arm,loanword,loanword,1843,reunification
morphemes,,verso,,specialise,suba,suba,futurama,weitz
connelly,,reagent,,codons,oates,oates,irrevocable,mulligan
chattanooga,,trajan,,pickled,jeckeln,jeckeln,webisode,heinrich
kennington,,wetter,,recess,upland,upland,resettle,nursing
cooing,,helmand,,037,grieg,grieg,professorship,mukai
shallows,,traded,,ceremonial,optioned,optioned,amended,steals
africanus,,shinplasters,,quotas,crassweller,crassweller,polow,jana
newsday,,retina,,segregation,autograph,autograph,sherbrooke,hackers
daddy,,competitions,,1119,tournaments,tournaments,gillson,pun
belmont,,anthochaera,,spy,castanea,castanea,horace,thicknesses
sedimentation,,horrible,,sect,unstoppable,unstoppable,carthaginian,seward
uncompromising,,embraces,,saviour,poignant,poignant,telegraphic,picnic
pleased,,available,,1907,linked,linked,northumbrian,dalglish
pressure,,fagrskinna,,development,voltages,voltages,parishioners,conceals
playthrough,,standardisation,,omloop,étage,étage,portsmouth,newtown
macedonian,,stilianou,,sharps,balkan,balkan,clinicians,grenier
crosses,,tomasevich,,meru,intersects,intersects,ninpo,damning
stiffer,,antebellum,,overseer,orienteering,orienteering,neeson,sisko
emanated,,protocols,,counterattacked,fursuit,fursuit,miley,dawson
arête,,mechanized,,melodramas,sustainment,sustainment,refutes,indivisible
purged,,stars,,allentown,star,star,james,one
rubenstein,,grande,,heavily,ronde,ronde,indigofera,658
giordano,,feeble,,archival,statham,statham,brioni,nonfiction
sinhalese,,bloated,,trodden,dissonant,dissonant,improve,yamasaki
ragnar,,theft,,commemorative,dunant,dunant,befriended,inequality
innovative,,scanning,,283,satiric,satiric,vacuum,interracial
crystal,,confuse,,hours,summon,summon,gompers,canucks
dougray,,pitched,,despuig,threw,threw,slater,overlordship
1152,,catalinas,,overbearing,deadlocked,deadlocked,aptly,savile
fossil,,conglomerates,,reprinting,synthetic,synthetic,4257,longstanding
spanked,,vkj,,eminently,iif,iif,henning,burnu
aplomb,,sorraia,,prevents,blount,blount,ferrying,duchess
paleo,,damn,,475,80s,80s,layer,viaduct
sampy,,ruber,,sainsbury,pepo,pepo,jerking,lw12.2
rectory,,shown,,breyer,seen,seen,coercive,organ
same,,saturdays,,fauchet,depending,depending,song,song
coxon,,cabling,,ensuring,mitovich,mitovich,hastings,arroyo
sedgemoor,,outages,,takeda,landslides,landslides,davidson,inductive
742,,rave,,popstar,636,636,outlaws,habitat
pack,,pwi,,ismail,packs,packs,hey,resist
blum,,fdj,,fences,horne,horne,amato,blessed
tractor,,numbered,,π1,equipped,equipped,context,portia
thatgamecompany,,derivation,,wear,arianna,arianna,survey,aruban
unbearable,,maya,,athleticism,legend,legend,contacting,shower
condoms,,rash,,barricade,latex,latex,xl,saffron
peterhead,,ail,,yen,vnukovo,vnukovo,fdj,enquiry
invaders,,poisonous,,malignant,iroquois,iroquois,bahram,sherman
détente,,sustain,,squirrels,implement,implement,olga,acquired
sturluson,,thermodynamic,,acquired,6f,6f,extends,φ
buckle,,anupama,,professional,shaheed,shaheed,hydrochloric,mugello
harmonize,,pondicherry,,terrance,captors,captors,prokofiev,pronunciations
dividend,,cerebral,,υ,doodle,doodle,alvarez,reneged
laughed,,ijn,,storied,om,om,zeller,bonding
functionally,,gadag,,dem,asymmetric,asymmetric,2018,sverdrup
benn,,delfino,,pugh,cusick,cusick,tessic,zu
mount,,haynes,,hips,f.,f.,lies,bacchanalian
reasonable,,fripp,,mitsuru,meagre,meagre,trigger,rigour
austere,,dyneley,,prices,sabon,sabon,rogan,litres
steels,,orchestrated,,abbot,brewed,brewed,bullied,belgium
enclosed,,tournament,,fairfield,fa,fa,pueblo,government
padmarasa,,rendition,,raviv,hallmark,hallmark,unloaded,inconsistently
beloved,,second,,deserts,fourth,fourth,time,episode
robbers,,refrained,,approximate,ebierbing,ebierbing,stillwater,typically
monticola,,stucco,,sportscaster,flake,flake,ringwald,recklessness
quimby,,harriet,,.38,reverend,reverend,bakula,api
odeon,,downpour,,aerodromes,harte,harte,caustic,rudimentary
dmitry,,throated,,slugging,willaumez,willaumez,changeover,licence
means,,winery,,talents,decree,decree,admirals,nampula
wooden,,minutiae,,shakira,walls,walls,enquired,kaur
alternating,,reshef,,fluctuations,wolfe,wolfe,promotional,galaa
engels,,veal,,riparian,mountford,mountford,kinetic,rediff
interrogating,,scripts,,eolian,script,script,syndicate,crews
subunits,,welcome,,skates,・,・,dowdy,mephisto
budd,,geek,,hyundai,shapiro,shapiro,theatres,furious
1587,,emblems,,jynx,1737,1737,incorporate,fossil
abduction,,daylights,,natalia,assailants,assailants,lad,spillway
fulfil,,landscape,,'oyly,degradation,degradation,mavros,hexafluoride
listing,,londonderry,,hoot,listings,listings,pitched,background
achievements,,osrd,,ste,aspirations,aspirations,lawless,klf
otters,,longer,,hindering,actinium,actinium,giving,cornwallis
generosity,,kamen,,rbi,6f,6f,mbe,938
hickman,,cnidarians,,isthmus,pruett,pruett,onslow,1140
prewar,,ley,,saga,6f,6f,265,haddam
unprofor,,exacted,,folios,uae,uae,paulo,lucca
baan,,1265,,topographic,1566,1566,lionheart,yeltsin
purposely,,interviews,,softball,photos,photos,nominal,lithuanians
laredo,,hapless,,usurping,namibia,namibia,dragonlord,propensity
hydnellum,,atic,,laevigatum,zygoballus,zygoballus,novi,1198
menacing,,himmler,,munro,enghien,enghien,1377,braathens
homelessness,,seemingly,,thalberg,substance,substance,fisheries,shallow
signified,,retrospect,,race,yamaguchi,yamaguchi,discarded,million
tiled,,grouchy,,harshly,boulogne,boulogne,pál,579
majorca,,linkin,,disadvantageous,riverfront,riverfront,prevent,horseback
seabirds,,computation,,raced,agonists,agonists,suspension,angora
casablanca,,michálek,,kidnapper,bisslik,bisslik,dsi,quinto
tyburn,,diarrhea,,congeners,trieste,trieste,eyalet,errand
centerfield,,polarised,,wolfram,tepid,tepid,channeling,pizzas
maki,,cob,,sonate,scotus,scotus,rivalry,shaarey
quasi,,indianapolis,,affectionate,benz,benz,chartered,1203
directors,,bricius,,quichotte,trustees,trustees,finally,salala
mayhew,,shenzhen,,carefully,rinehart,rinehart,buzzards,carpenters
dealerships,,albee,,kinnear,karmal,karmal,hazing,ride
biddenden,,motorsports,,erect,horsfield,horsfield,racist,brainchild
anil,,conrail,,jamming,waldo,waldo,obsessed,refractive
yoshimi,,narrate,,slate,πn,πn,ldh,companionship
bluemantle,,songbird,,filed,rumbula,rumbula,mildly,n64
jynx,,unhindered,,kinda,pyrrhocorax,pyrrhocorax,congratulating,benzema
aspired,,097,,recordings,rightfully,rightfully,recognitions,bot
'connor,,ranches,,oseary,'donnell,'donnell,progress,cuffs
overbearing,,annually,,cargoes,beijing,beijing,nie,nationalistic
encom,,thunderbirds,,pompey,unofficial,unofficial,areas,comparing
britten,,blunders,,vendors,redgrave,redgrave,tufaro,tenuous
grin,,menagerie,,culverhouse,frenetic,frenetic,veal,mardy
sieg,,stances,,aviators,naturelle,naturelle,longhouse,imposition
thunderstorms,,fujiwhara,,tiers,thunderstorm,thunderstorm,mr.,palatial
pastry,,boothstown,,nature,pinewood,pinewood,tract,humidity
stanza,,aeronaves,,taranaki,chapter,chapter,bigotry,car
weeks,,repaired,,1088,months,months,replenish,remain
define,,laramie,,enjoyment,refer,refer,vertebrates,victim
karjakin,,clinically,,fishermen,matthysse,matthysse,possess,secluded
bitter,,santoshi,,beiste,racist,racist,stotler,dooku
subsisted,,minimal,,frenchmen,slight,slight,unwilling,notions
horrendous,,deported,,crater,persecuting,persecuting,prioritized,debuts
teak,,hellfire,,meigetsuki,plating,plating,resorting,spektor
valiente,,gnaeus,,alphonse,murasaki,murasaki,militancy,listens
still,,purring,,primera,usually,usually,your,not
produce,,knowledgeable,,wyoming,create,create,niches,gascony
osborne,,hiker,,579,marriott,marriott,jadow,blaze
compute,,bottling,,hausa,verify,verify,slugs,boiled
catechisms,,sociological,,un,textural,textural,aizen,guadalupe
formidable,,003,,antioxidant,wielding,wielding,crowhurst,evacuees
plays,,counselors,,65,téa,téa,makes,elbe
zhongshan,,mcgovern,,lossiemouth,petersen,petersen,crawled,quakes
arashiro,,attach,,beyond,startle,startle,gmcs,coventry
nickels,,parochial,,authentic,hibbing,hibbing,leyland,inciting
paw,,risking,,hesitation,foothills,foothills,tear,funded
sketch,,forgave,,sai,documentary,photograph,heirs,acknowledge
mean,,apiece,,niš,152,152,specialists,tendered
perspective,,steamboats,,niggers,19th,19th,visayas,disembarking
friedman,,licked,,seaborg,dennings,dennings,crore,myzomela
baptist,,laid,,h.w,semi,semi,t30,genera
vengi,,apply,,alcoholism,reject,reject,diocese,rubi
limantour,,lawsuits,,sshws,petitions,petitions,racehorses,invasions
bandstand,,anonymity,,325th,metalloids,metalloids,ord,tails
skillful,,electroplating,,academies,minoris,minoris,mullet,contrastingly
slumped,,covering,,puma,ministerial,ministerial,castile,octavian
'honneur,,schubert,,arkansas,bnl,bnl,grimmett,nelly
pnt,,targeting,,involve,spigot,spigot,sumerian,intrepidity
felon,,satan,,leroy,emptiness,emptiness,téa,ulterior
somerset,,isosceles,,31st,kent,kent,flat,troll
pratt,,chairwoman,,sos,sportswriter,sportswriter,illyricum,panzers
cravins,,richards,,unfavourably,harding,harding,domoina,kampong
leclerc,,hasel,,m249s,finney,finney,luck,nasdaq
shotgun,,capitalizing,,maori,ticker,ticker,youtube,adulthood
cowie,,paddies,,cooter,christchurch,christchurch,sucking,1890
macy,,salim,,unavoidable,showrunners,showrunners,pear,ibf
kinsman,,reinvented,,outsourcing,susannah,susannah,psittacosauridae,tricky
delivered,,repression,,duopoly,subjected,subjected,feigns,1684
jerky,,dawkins,,zobel,drunkenly,drunkenly,problem,cooperate
1576,,1948,,winhill,1947,1947,oberstleutnant,mentality
brewer,,siraj,,shodan,parry,parry,participates,katušin
develops,,wabd,,z.,developing,developing,grampa,array
serrated,,restigouche,,hacking,amalfi,amalfi,*,survivals
learns,,aware,,juniata,tells,tells,hitch,fett
interviewed,,retrograde,,sole,hospitalized,hospitalized,tilstoni,scolding
frédéric,,ensued,,standstill,guillaume,guillaume,lessons,sanderson
ɪ,,paramedics,,sonia,geri,geri,iberia,kenilworth
claudio,,watten,,plugs,janice,janice,kimmeridgian,bram
braved,,notice,,t1,caution,caution,kiara,gauges
snape,,valentine,,activity,fosdick,fosdick,underside,arch
emo,,genesis,,lisbon,saturn,saturn,wrzos,network
basava,,pf,,leaning,streptococcus,streptococcus,autoharp,ours
colourful,,recur,,monsters,organisational,organisational,hoops,leveled
oxbow,,stortford,,1641,archiepiscopal,archiepiscopal,topographic,anita
piquet,,˚,,reddick,psalm,psalm,physiological,u.s.a.
woodruff,,aviv,,marija,kayaking,kayaking,stefan,papers
margaret,,playa,,reese,felix,felix,kitchee,lagrangian
unsigned,,origen,,alyeska,474,474,unforgiven,forgetting
batou,,bef,,gleba,toit,toit,koh,cambio
forcella,,raycom,,superiority,greil,greil,geographically,worldwide
disgusted,,resurface,,yahoo,ministered,ministered,undated,artillerymen
weeds,,swiatek,,vinaceous,leighton,leighton,acme,elric
justice,,saxophonist,,unbuilt,attorney,attorney,gilts,accusations
100th,,579,,mutinies,562,562,manchester,herbal
shipton,,protocol,,comprehensible,earldom,earldom,vocally,alfa
hassle,,uprisings,,midsection,enclaves,enclaves,color,animalium
subg,,squandering,,sliding,bohemica,bohemica,hairstyle,whipray
stat,,decomposition,,vocals,measles,measles,tallis,mean
hanging,,politiquerias,,triceratops,beheaded,beheaded,thrill,marksmen
271,,bhp,,sphagnum,kcal,kcal,controversially,happenings
kuldahar,,yarder,,metagenome,trenchard,trenchard,inception,despotism
vittorio,,severus,,jeopardised,courbet,courbet,xun,ustinov
longoria,,fanck,,kartikeya,macfarlane,macfarlane,ash,rhode
fez,,openers,,wharton,composited,composited,distracted,damned
dash,,352,,sabbagh,226,226,bongo,shared
sponsoring,,consummated,,unaltered,computerized,computerized,arguments,gusted
fold,,jesse,,branched,sylvester,sylvester,agonistic,cantilevered
luongo,,somalian,,administrative,naughton,naughton,improves,508
enthused,,ominously,,objections,reeder,reeder,armijn,jg
clergymen,,conglomerates,,animalium,militaries,militaries,conveying,subalpine
memoranda,,concrete,,spins,brick,brick,remnant,mushrooms
bas,,brandt,,whitlock,françois,françois,distinguishable,suv
gruff,,telegram,,arid,jeethu,jeethu,considering,suites
harkness,,miners,,baba,miner,miner,blackish,feeding
787,,aum,,ascended,nano,072,salaam,parineeta
dampen,,park,,chancellery,memorial,memorial,hundreds,``
1226,,imply,,ricky,predict,predict,wrong,reedbeds
mrna,,justus,,coats,rajamouli,rajamouli,marc,colin
beli,,starfighter,,planting,gaffney,gaffney,strikes,donned
riggi,,mandibular,,occurring,glynn,glynn,culpable,hiawatha
quorum,,colloquial,,carcharhinus,gracious,gracious,meds,huwaider
constantly,,famously,,clapton,always,always,layton,mcneile
forwards,,abdication,,duets,electorate,electorate,bhima,500
drew,,hiryū,,cossack,gave,gave,imitators,undying
nes,,institutes,,mortgage,understand,understand,biota,canaanite
inexhaustible,,keratin,,tutelage,starspots,starspots,torn,dratch
manipulates,,phanariote,,fresco,accomplishes,accomplishes,haynes,executive
2006gy,,chapman,,cleeve,sparks,sparks,scrappy,rises
zouaves,,bálint,,wendell,cascading,cascading,writings,licking
prose,,12e,,deliver,consonantal,consonantal,complexities,airfield
recommend,,louisbourg,,navigable,urged,urged,carboniferous,indoors
remembers,,forgetting,,frontiersmen,worried,worried,raising,gambler
damages,,greatfoot,,tibetan,injuries,injuries,priscus,accordance
tibet,,collectibles,,koprowski,nubia,nubia,preoccupation,suffers
sayed,,tatum,,sinbad,1185,1185,darwinian,yttrium
clegg,,akbar,,threat,mercado,mercado,corrupted,insolvent
strode,,1740s,,”,tokuyama,tokuyama,mccarthyism,villarreal
dysplasia,,380,,partnerships,co2,co2,endeavour,kpj
team,,guitarists,,nere,teams,teams,during,game
servicemen,,steeper,,mack,distinguishable,distinguishable,gainer,amaze
emanuel,,reykjavík,,annotation,arturo,arturo,heylin,kareha
feed,,consultant,,williamson,sperm,sperm,140th,flats
perkins,,schoolhouse,,booking,loomis,loomis,coma,sunglasses
sorcerers,,yahagi,,greenberg,intruders,intruders,quagmire,ape
presbyterians,,mortgage,,continuance,subarctic,subarctic,directives,kitten
defender,,preschool,,hova,sponsor,sponsor,foc,84
kendal,,todesbanden,,ecosoc,ensconced,ensconced,1931,flowering
chairperson,,passport,,reubens,mortgage,mortgage,263,oerlikon
yaltanack,,hein,,catapulted,vazquez,vazquez,torchwood,nina
adidas,,itzá,,injunction,plainfield,plainfield,1829,cinematic
crane,,owe,,nightstick,miner,miner,troubled,oppose
divisions,,valentin,,unfounded,brigades,brigades,dissuade,cheerfully
cancellation,,bhagavata,,majority,psn,internationalist,dived,$
sheringham,,andrás,,broomloan,denman,denman,faust,kei
weeds,,overseen,,degenerate,constantin,constantin,hofstra,confusion
chrysanthemum,,chapels,,fastest,façades,façades,paucity,mores
tunbridge,,stille,,ungulate,harrow,harrow,matchup,immobile
sanctioning,,chuckle,,inconsistency,importins,importins,colson,obtaining
halle,,stipulates,,progression,siegelman,siegelman,planting,plundering
pittsford,,acadian,,picturesque,maribor,maribor,pedal,kilometre
kuldahar,,jūjutsu,,amphicoelias,lattimore,lattimore,hauptmann,lonesome
curricular,,erin,,hiffernan,smit,smit,anselm,lyme
autovista,,bambaataa,,irrelevant,valeria,valeria,palais,guardhouse
institutional,,bold,,unplanned,experimental,experimental,mindful,rodney
antonius,,nuba,,nonintercourse,och,och,261st,hated
romulans,,actors,,alexandrescu,actresses,actresses,mazar,perfect
numerically,,windermere,,serotonin,armada,armada,minoru,chaff
bodkin,,homotopic,,street,6f,6f,hutch,niño
containing,,overthrow,,elizondo,extract,extract,spare,sanremo
specialising,,geese,,goulian,forestry,forestry,llewelyn,1590
ashworth,,rome,,vatlestraumen,france,france,sequenced,murdoch
lamellerie,,precipices,,sternorrhyncha,biberach,biberach,shaffer,guangwu
unrecorded,,levin,,577,downer,downer,escalators,photographs
liliaceae,,subservient,,weybridge,generalised,generalised,friday,librettos
considerable,,calibrated,,mycorrhizal,total,total,exploitative,beet
300th,,josipović,,florentine,piloting,piloting,deafness,truest
gresham,,password,,breimeier,keyblade,keyblade,aylward,notch
homelessness,,obligation,,fps,obligations,obligations,kermit,mci
millions,,widescreen,,fantastic,baht,baht,reagent,devereux
dreadnoughts,,gorari,,unintelligible,ironclads,ironclads,oblate,establish
treating,,classes,,through,psychology,psychology,kingpin,%
inquieto,,atr,,miscarriage,767,767,gann,rudely
piquet,,fronts,,clams,bitterness,bitterness,newer,fabolous
erratic,,praetor,,neurons,assertive,assertive,distributed,grudge
wbo,,kagoshima,,trofeo,knin,knin,rté,slaveholders
auctions,,uvular,,naegle,adjectives,adjectives,bare,bubble
mach,,rodrigues,,bacchus,millimetre,millimetre,defused,franc
doha,,harold,,wickford,archibald,archibald,92,janeway
covenant,,iau,,access,mongol,mongol,lovell,logistic
cheering,,shrinks,,moisture,commandeered,commandeered,donchery,azzarello
forfeit,,maasai,,aborigines,redirect,redirect,aid,pellet
xavier,,admirable,,glaciated,alison,alison,montcalm,pradesh
027,,hanukkah,,offshore,puranam,puranam,daw,poliomyelitis
commandos,,occupancy,,canopies,jna,jna,71,'reilly
disposal,,wackett,,antonio,spaceflight,spaceflight,islets,reformers
bears,,wwf,,deluxe,canucks,canucks,samar,bridge
elma,,hissing,,konstanty,steeple,steeple,uninterrupted,deceiving
'huez,,symmetry,,meningococcal,tupolev,tupolev,simultaneous,jem
1885,,large,,goldberg,small,small,unk,university
colborne,,dettori,,warblers,riedesel,riedesel,catering,schleswig
ppm,,absurdity,,equalling,lm,lm,ulama,armband
assessors,,nearly,,gamefaqs,almost,almost,freemen,astrologer
dickey,,koror,,panel,nicotine,nicotine,disorganized,lukačević
scrubs,,besides,,britton,moreover,moreover,relinquished,schembechler
montrose,,definite,,guilford,literal,literal,broom,pony
appendicitis,,corporate,,hylogyne,banking,banking,leavitt,hon
haider,,decrypted,,coordination,devolver,devolver,ncmps,mendelssohn
michelena,,marbury,,zola,cabell,cabell,waterhouse,flor
hybridise,,malaysia,,processors,pakistan,pakistan,specialise,21
immensely,,pariah,,sửu,extraordinarily,extraordinarily,harvested,honeydew
limits,,anand,,sedna,ukraine,ukraine,annette,cambodia
lordship,,conservator,,manley,erection,erection,sunshine,viciously
episcopalians,,motomu,,crystarium,ingersoll,ingersoll,militarily,439
rianz,,rao,,marina,sanjeev,sanjeev,cannae,semi
protostars,,unionist,,bowel,republicans,republicans,subversive,intravenously
permitted,,tubing,,ruhlmann,refuse,refuse,battleship,pictorial
injuring,,scourge,,balcatta,wounding,wounding,ravinder,normandy
brian,,identically,,centred,michael,michael,louie,seven
1806,,bessin,,parkway,268,268,garbo,pedestrian
chitinozoans,,fables,,velar,specifics,specifics,mk,gusty
introductions,,strove,,injuring,fibrils,fibrils,colfer,factions
duchies,,indentured,,valiente,repulsing,repulsing,barnett,libido
kernels,,nationalities,,prosecutor,diatomic,diatomic,dalmeny,dictatorship
puebla,,herefordshire,,huron,junimea,junimea,shadowy,bryan
cantonment,,specimens,,sitwell,fossils,fossils,stops,astronomical
enthralled,,liverworts,,stempel,planktonic,planktonic,russians,soup
damages,,cranborne,,reviewers,kyushu,kyushu,copeland,turbidity
ultratip,,industrialists,,wrap,shortland,shortland,underweight,zack
brookshier,,duirinish,,sensations,lerma,lerma,tds,gospić
caracalla,,teepee,,smoked,cwichelm,cwichelm,bully,kray
balk,,ashcroft,,varies,snodin,snodin,fray,obliterated
obscures,,pedestrianised,,bottomed,straightaway,straightaway,terracing,hooligans
paris,,miner,,internationals,thames,thames,mckinley,swahili
727,,regenerate,,komintern,revisit,revisit,tempest,brushes
lucid,,passover,,improvements,kkk,kkk,cy,freeing
ctr,,intermediate,,lustful,observation,observation,talorgan,consuming
duffy,,undertail,,trackers,farrell,farrell,worthington,triplet
nematodes,,corset,,indenture,vinegar,vinegar,dags,rarely
finial,,victorino,,systematically,peal,peal,laliman,lenchantin
laced,,menagerie,,isagoras,stucco,stucco,wendell,marius
sympathy,,omnivore,,maltese,admiration,admiration,penetrated,fence
hermaphroditus,,pyotr,,wattlebird,gayatri,gayatri,toni,1686
breweries,,mechanics,,limp,3d,3d,gunman,superstitious
biblical,,kakai,,1370,stoic,stoic,paiutes,botoşani
erika,,gui,,antsirabe,emanuel,emanuel,ghenea,antonius
connelly,,mirren,,landon,duggan,duggan,bear,orsogna
ponytail,,dressed,,socialise,wearing,wearing,dunkirk,gautham
bcci,,makira,,530,hopemead,hopemead,foothold,infecting
innis,,checkpoints,,assassination,participatory,participatory,substantiated,transcendental
sil,,blasters,,without,cassie,cassie,abidjan,500
derive,,morels,,shinji,emerge,emerge,rams,upgrade
closeness,,suing,,fundamentalist,suave,suave,bark,piz
1939,,marginalized,,inciting,1940,1940,thacker,turkey
refreshments,,camera,,accordance,screen,screen,nizam,gunfight
phoebe,,gaffe,,sightings,g.one,g.one,goalscoring,vented
keiko,,hatching,,midway,beards,beards,caricatures,peierls
calibur,,mb,,monsignor,millibars,millibars,ibrahim,koch
routings,,flatter,,neutralised,boletes,boletes,trillion,jockeys
classed,,1011,,inns,misidentified,misidentified,baroness,varagavank
fridtjof,,radiant,,yokohama,mortals,mortals,prosthesis,savery
caxton,,funnel,,951,superstructure,superstructure,cantillation,sexualized
landscaping,,impractical,,christakis,medicinal,medicinal,packet,mukesh
stew,,ohm,,rzeczypospolitej,doodle,doodle,brisbane,masculine
revisiting,,frithjof,,disadvantages,fart,fart,welcomed,flavus
1819,,abagnale,,mutis,1898,1898,howells,inclined
beaubien,,entwistle,,luttrell,hogg,hogg,elias,uncover
mating,,dara,,cohorts,lastly,lastly,currents,proteaceae
monologue,,339,,ro,545,545,salzburg,glycerolipids
circular,,northeasterly,,welded,gentle,gentle,b.i.g,am3
u1,,payroll,,newlands,225,225,hema,recommendations
nothing,,barbeyella,,semilanceata,anything,anything,ordinances,azerbaijanis
mohareb,,correctness,,christmastime,malmesbury,malmesbury,669,kellman
horseman,,hemorrhoid,,shediac,unpredictability,unpredictability,shadowed,1086
affable,,synoptic,,grievance,wop,wop,liz,mok
ragnaill,,access,,1195,via,via,orator,fitted
archival,,admit,,pastry,submit,submit,tuxedo,excused
general,,bohemians,,litigation,lieutenant,lieutenant,along,anglo
hairline,,theorists,,bolting,rigour,rigour,praetor,glosserman
gaffney,,sawston,,spouses,coker,coker,stationers,strands
purports,,jodhpur,,ittf,strives,strives,departed,curtis
canning,,theorems,,hiryū,christgau,christgau,xp,discourage
wilmington,,lento,,bedding,greenville,greenville,pond,contents
coup,,oneself,,labrador,'état,'état,claudius,cady
bannerman,,pickard,,postural,warre,warre,idealist,mythological
ultimania,,clifton,,rationalist,rood,rood,intrusion,militancy
kawkawlin,,camaraderie,,spitalfields,brantford,brantford,balladeer,307
maeonius,,eau,,optimize,vázquez,vázquez,organised,advisory
restless,,binh,,greenwood,myoho,myoho,neonatal,deported
base,,burj,,virgin,airfield,airfield,1524,video
a8,,establishments,,k.r.i.t,entirety,entirety,ranking,ethnically
catesby,,circumnavigating,,a.d.,ingleside,ingleside,novi,pen
cob,,asthma,,jovial,1151,1151,connors,awkwardly
hasten,,aldean,,culminates,guetta,guetta,w.f,depressions
incompetence,,perplexed,,challenger,garrulous,garrulous,fugue,westhoughton
ridicules,,j.h,,crawford,bewildering,bewildering,education,renault
stallion,,madagascar,,gilding,turkey,turkey,wizpig,̪
propel,,snares,,marck,disrupt,disrupt,electro,nerdy
ew,,metaphorical,,congeners,ʃ,ʃ,693,inadequate
pardoned,,unethical,,unexpectedly,overruled,overruled,1716,trivial
subsp,,feng,,hsls,var,var,hypothermia,lissa
bofors,,experiments,,reactions,launcher,launcher,jumbotron,videotapes
sheltering,,nothofagus,,vickers,sawston,sawston,scleroderma,covent
dot,,bungie,,ms,cerny,cerny,cocoons,auber
ccf,,jainism,,geese,repeal,repeal,professionalism,wielded
regionally,,echmarcach,,1695,eyewitnesses,eyewitnesses,vicious,bonehead
pinkerton,,beliefs,,fluctuating,ideology,ideology,eve,gillette
1203,,maugham,,arboreal,steptoe,steptoe,dined,haus
piazzi,,fait,,prevented,atia,atia,buddies,syme
a.k.a,,shrunk,,copernican,accustomed,accustomed,genevieve,sceptical
na,,tonnage,,şi,'ll,'ll,harnessed,piero
walternate,,rubi,,olden,tek,tek,superficially,route
750,,listings,,french,filmography,filmography,ur,those
cerebralis,,pillar,,gracefully,pepo,pepo,outrageously,misspelled
lalich,,d3as,,priceless,1318,1318,multipurpose,stuff
vc,,freshly,,bargaining,palustris,palustris,acrimonious,benchley
gazebo,,payroll,,nandi,lbsc,lbsc,greenlandic,frostburg
chiapas,,excite,,adonis,extinguish,extinguish,padres,investigation
comprises,,defender,,964,consists,consists,drastically,telecom
transform,,insofar,,installments,alpine,alpine,rookies,dealing
rotary,,executes,,stepped,sledging,sledging,tolerances,gravestones
unpainted,,kitsu,,dismantling,krishan,krishan,aftershock,h2
brewers,,1660s,,volatile,toros,toros,papal,rosen
torbay,,webster,,merced,brooke,brooke,models,workings
waned,,sensitive,,arm,fantastical,fantastical,causing,sympathized
personas,,literal,,alba,derogatory,derogatory,spored,eat
180,,britta,,staffers,280,280,tyto,favourites
conversely,,bir,,integrals,mont,mont,málaga,watermark
rokuemon,,dauphiné,,malevolence,toit,toit,extant,handling
cartesian,,closest,,snowfall,denote,denote,interphase,overking
speedily,,thaw,,repudiate,roo,roo,punt,craven
stat,,salamina,,killer,nea,nea,tuning,pickups
referee,,№,,teetering,macdonnell,macdonnell,dispel,motu
rationalism,,rugrats,,bering,charmed,charmed,spawn,ojibwe
wabash,,reside,,yoshinori,sinai,sinai,bowker,dialects
scarcely,,governs,,munch,continuity,continuity,papacy,recommendations
manning,,choirmaster,,fallow,playoff,playoff,falsely,terminals
reminding,,brees,,reacquired,yukino,yukino,applied,esports
borgsen,,eyesore,,jovian,callendar,callendar,balkan,bible
haldane,,theropod,,purges,hygrometricus,hygrometricus,duplications,kritschgau
morihei,,cuff,,videos,1076,1076,origins,quiney
duress,,alderton,,jobs,flossie,flossie,suspension,crewmembers
sharingan,,communicate,,tilt,coincide,coincide,smoker,filters
anorexia,,thighs,,xn,throats,throats,№,garnett
nerves,,skyline,,tipped,watertown,watertown,josip,glutinosum
wallpaper,,deactivation,,dorn,crevice,crevice,iconographical,rigele
impair,,bühlmann,,consciously,capillaries,capillaries,tale,valerian
tattooed,,graces,,chbosky,bundles,bundles,same,wound
corresponded,,warwickshire,,esher,americas,americas,sciarretto,despotism
cassettes,,designates,,canid,uncensored,uncensored,drafts,cavan
ingleside,,1988,,melkebeke,1975,1975,a.g.,simply
sele,,leonidas,,fingerprint,coretta,coretta,wyck,patently
tonight,,1749,,indefatigable,nikki,nikki,quotation,hits
alexandre,,costume,,308,christoph,christoph,sawston,glorified
vasa,,melaleucus,,mates,boden,boden,maintenance,adel
wickham,,mlk,,dung,holdsworth,holdsworth,capt,519
delves,,ackles,,plagiarized,cvg,cvg,conservatism,airings
lexicon,,vaccination,,fond,gsm,gsm,kodokan,navel
osteopath,,intrinsically,,checkpoint,energetically,energetically,nuñez,boarded
hewn,,disappointment,,fraud,lying,lying,groomed,qatar
risks,,vermin,,rejuvenated,dangers,dangers,bolo,page
skeptics,,michael,,biologically,jim,jim,key,16
hanged,,workings,,il,deckhouse,deckhouse,cooper,abruptly
coil,,2022,,liquefied,quark,quark,piana,minoris
cookies,,boast,,gurion,cofactors,cofactors,tunings,derided
magnified,,croatan,,arjun,overhang,overhang,classification,cheek
showdown,,chambersburg,,scholar,mbta,mbta,shifts,weren
maghreb,,voluntarily,,gp,deserting,deserting,accusative,sportsmanship
chanology,,saturninus,,mcru,enactment,enactment,taxpayer,slime
administrators,,mozambique,,nationalized,dakota,dakota,impatient,colonialism
laid,,shapley,,titian,carried,carried,dismayed,1876
unifying,,dazzling,,nutritional,memorable,memorable,trot,marburg
slaveholders,,iyad,,informs,daoud,daoud,differential,intermediates
salvo,,thoroughfare,,cheapside,feat,feat,berries,toxygene
boca,,remixing,,preshield,balbirnie,balbirnie,amendment,rodent
gradual,,summarised,,366,improbable,improbable,fortitude,activity
dunder,,rethymno,,news,whitefriars,whitefriars,nakayama,rancid
proclaimed,,imbued,,sedentary,declaring,declaring,unloading,kyosuke
tyburn,,reading,,faa,grisly,grisly,sarawak,martello
cauchy,,ridiculousness,,decentralized,magi,magi,čilić,treknation
embarrassment,,swampy,,lancet,exceedingly,exceedingly,pearce,stud
1677,,gwynedd,,memel,1174,1174,jerking,jura
sprague,,chanology,,rump,tolnay,tolnay,expansive,timeout
disappointingly,,irony,,benedict,salty,salty,crashes,pitcher
fringes,,labrosaurus,,ursula,affinities,affinities,timelines,rimsky
katz,,gonzalez,,dakota,jaimie,jaimie,caution,cortes
discharging,,motif,,spades,cul,cul,brittle,traffickers
methode,,steroids,,hamra,halides,halides,disenchanted,lounges
gsc,,almeida,,inhabitation,atcc,atcc,mizuho,atic
sheridan,,1332,,faceted,sloane,sloane,etro,lule
backbencher,,wirraways,,wica,beecham,beecham,nott,viciously
tees,,petar,,producer,6f,6f,merits,paleozoic
melvins,,plutonium,,tilman,powdered,powdered,glebe,conflated
implosion,,lighthearted,,conceding,blockers,blockers,ich,purchasers
braid,,fitzjohn,,seymour,latticed,latticed,intents,delgrego
folios,,enough,,folie,sufficiently,sufficiently,vo,may
monique,,lyttelton,,1207,siregar,siregar,suárez,kairi
caldecott,,dignities,,restraining,purandara,purandara,dreyfus,upsets
mortars,,detect,,radek,installation,installation,san,returning
subfamily,,tees,,510,pampas,pampas,rupees,stableford
nullify,,suppose,,leaflets,guess,guess,phelan,chip
isin,,reddy,,b.i.g,guernsey,guernsey,eadweard,texian
flange,,farmers,,region,sportsmen,sportsmen,6b,million
prudhoe,,dawson,,sangatya,buckner,buckner,dolby,herri
ganguly,,huehuetenango,,line,rivals.com,araminta,malls,million
may,,brainerd,,thistle,would,would,were,she
ukrainian,,transmitting,,í,ordinate,ordinate,bestseller,fluent
edict,,seats,,weakest,servants,servants,baibars,baffled
desire,,aruba,,1761,ploy,unwillingness,regimental,excelled
paradox,,truths,,requiring,quotients,quotients,minuet,belize
willie,,reminder,,spindle,tommy,tommy,vytautas,fumes
madder,,libel,,undisturbed,appeals,appeals,hurdling,accidental
visas,,theseus,,enabled,ctenophora,ctenophora,ashes,terrell
affinity,,iajr,,milligan,allosteric,allosteric,learnt,sleepover
presumptive,,number,,bootx,#,#,be,unk
salvaged,,pine,,tomahawk,woodlands,woodlands,uncooperative,firearm
108,,mukerji,,gills,138,138,pleading,eblaite
palmyra,,yajurveda,,bellingham,prelature,prelature,riker,unsolved
ηε,,vena,,surveillance,jurgen,jurgen,shacks,mishap
molecule,,sidhu,,granary,plasmid,plasmid,designating,decibel
sugarcane,,shipment,,sea,surplus,surplus,nicolae,consisted
aligned,,masquerade,,premature,compile,compile,lots,b.i.g
awakens,,informers,,defendant,overhearing,overhearing,myres,hotspot
portraits,,particulier,,recently,polyphonic,polyphonic,hash,participates
harker,,167,,jynx,247,247,clarissa,sixteen
militaries,,chinatown,,exposition,kopliakov,kopliakov,grueling,castillo
dravidar,,voldemort,,cobi,ansem,ansem,pikeville,worldly
whipray,,seydlitz,,tackler,ramparts,ramparts,revie,livelier
variolation,,believer,,narayan,contemplative,contemplative,revised,riverbed
eurovision,,emerson,,626,parodies,parodies,relevance,kinda
enslavement,,bel,,georg,broomloan,broomloan,stigma,overholser
minigame,,paraphernalia,,feasible,suicides,suicides,turning,lumsden
lightest,,potent,,gained,causation,causation,reamer,distasteful
observing,,waterways,,malfunctioning,aftermath,aftermath,preen,beat
cautious,,applause,,ramparts,trusting,trusting,glycerophospholipids,589
biscay,,chennselaig,,kris,néill,néill,fertilization,faro
guitars,,civilisation,,arenas,synths,melodies,413,okie
texans,,lindisfarne,,shamsi,vincennes,vincennes,epidemiology,gasteroid
adultery,,tr,,lobectomy,waffen,waffen,preaching,revisited
gallons,,hakim,,häkkinen,pesos,pesos,disc,two
prerogatives,,divorced,,glitzy,remarried,remarried,nangka,moira
sellout,,reefs,,cornea,hatteras,hatteras,nervous,depravity
ranadev,,diversionary,,earners,ddos,ddos,generals,rerouted
pennine,,sake,,messier,rhone,rhone,turret,tacuma
wes,,krest,,petits,jesse,jesse,geminate,subtype
terracing,,publication,,furman,dissolution,dissolution,peacekeeping,intercontinental
julianne,,grantland,,renowned,horford,horford,tribeca,breasted
comedies,,detracted,,gametophyte,treehouse,treehouse,interfaces,constable
pike,,sekai,,tilson,mackinac,mackinac,african,fridtjof
summer,,prospered,,nieces,winter,winter,terming,wehrmachtbericht
1984,,wrecked,,reflective,1942,1991,futurity,1100
tarsi,,recommending,,honour,harmonizing,harmonizing,capri,yardley
cường,,configurations,,minka,ribosome,ribosome,block,zelenin
kommando,,1552,,bracing,1618,1618,1406,draftees
tni,,rajoelina,,yamhad,odex,odex,materialized,multiply
provides,,guto,,gaming,blames,blames,gin,beahan
profitable,,phoneme,,rothenberg,dim,dim,cheapside,geraldine
recent,,methanol,,pragmatic,subsequent,subsequent,drunk,surrogate
loophole,,downward,,xích,striated,striated,berkshire,diphthongs
eddie,,sonya,,avenged,terry,terry,syria,overlap
abelard,,workhouse,,thirds,kirkby,kirkby,reo,roadblock
wrinkle,,shuffling,,ellipsoid,backfield,backfield,grenades,slobodan
spoke,,advantage,,morricone,accused,accused,glazed,ratsiraka
exam,,potty,,licked,examination,examination,antimonide,hieroglyphs
hypothetical,,auditorium,,acropolis,billed,billed,paths,shires
krabby,,oblivion,,mets,satiric,satiric,1930,rifts
madsen,,mule,,graphical,brock,brock,violently,whittaker
cavanaugh,,bălcescu,,immunities,gilbertson,gilbertson,parity,société
bartlet,,amon,,cabbage,burnet,burnet,medwick,chaos
concessional,,blind,,courtship,deaf,deaf,dakota,cucurbitaceae
haugesund,,murphy,,riddance,cunningham,cunningham,flamenco,hughes
bibcode,,shi,,southborough,za,za,tricolour,preface
introns,,obviously,,bostock,broaches,broaches,om,mixer
fauchet,,surveillance,,cocktail,macv,macv,kscs,melanocephala
proven,,wanderings,,casterman,prove,prove,betts,singling
kristy,,attests,,freetown,vejen,vejen,jurors,debbie
snohomish,,occurrences,,aircrews,impossibility,impossibility,borne,conversion
receptacle,,endangered,,finder,fungus,fungus,schurz,opportunistic
workington,,482,,persevered,823,823,familiars,tynan
kidneys,,ringo,,bhutan,soloist,soloist,settled,ahimsa
stirk,,ministered,,consequence,6f,6f,freemen,mcginnity
eloquent,,finn,,grin,hughes,hughes,magistracy,longer
siegel,,takaya,,palestine,6f,6f,bozeman,unforgiving
predicting,,lupton,,autograph,responds,responds,gommans,hermetic
rolfe,,kartvelian,,accumulation,leonel,leonel,orogeny,wields
veidt,,fliegerkorps,,cataracts,celestine,celestine,decay,perforated
guideline,,villa,,together,aston,aston,aage,caló
posse,,194a,,defeated,southborough,southborough,randall,steffy
vapor,,russian,,mileage,german,german,exhorted,borneo
undermined,,rorschach,,río,manipulated,manipulated,inspections,sin
connect,,shiki,,lutheran,meet,meet,review,canids
alexandrine,,salons,,colonized,hosokawa,hosokawa,danko,intervention
colbert,,festively,,selma,erlewine,erlewine,foo,kay
incana,,poti,,commedia,mcclellan,mcclellan,thrower,organisations
demure,,bosi,,schrey,knuckleball,knuckleball,obesity,newsday
moaning,,698,,addictive,825,825,brunette,debates
exploited,,under,,fended,within,within,is,into
senna,,mitsoda,,fountain,gehrig,gehrig,mcentire,whitaker
tarradell,,conditioned,,kurrle,myeloid,myeloid,pambis,weert
boyarsky,,contracts,,havre,contract,contract,1783,manus
soy,,snsk,,seaport,esclarmonde,esclarmonde,ecology,shapiro
bequeathed,,verge,,sire,behest,behest,mahadevi,expended
kayaks,,apostolidès,,pwg,guppy,guppy,drowns,autobiographical
arlott,,mansfield,,wealthier,keegan,keegan,rodd,outrageously
semigroup,,vervliet,,randomized,daulatzai,daulatzai,defensively,diagnoses
ctenophore,,weert,,martín,ruffled,ruffled,xerxes,longford
gladiatorial,,booksellers,,occupied,hopemead,hopemead,ratanakiri,assure
tendencies,,spitfire,,demos,deadly,deadly,mexican,tractor
rescued,,wbo,,guiana,ignored,spotted,spectroscopy,distinct
reelection,,chiropractors,,try,adjournment,adjournment,homarinus,mcdermott
clifford,,clayton,,unlawful,hughes,hughes,albino,subscriptions
wikimania,,facto,,minogue,jure,jure,apricot,metaphysical
ultratop,,regulament,,dispensaries,rhineland,rhineland,599,florian
transformer,,degrade,,superieure,metabolic,metabolic,choate,prussia
guizhou,,rochdale,,symphonic,basingstoke,basingstoke,lange,jennings
scrutinize,,goffman,,familiars,rückerschöld,rückerschöld,eternia,lucky
creighton,,shortages,,infrequently,larwood,larwood,1453,podium
laughing,,vie,,petr,forgive,forgive,larch,puscifer
dashboard,,worried,,spatial,recalled,recalled,makk,infestation
keys,,woolen,,shipbuilders,belly,belly,antibiotics,tack
suzanne,,clog,,freya,gillibrand,gillibrand,retorted,reprieve
occasional,,myles,,und,hourly,hourly,exhibits,raeburn
lindholm,,dnc,,pandya,tittenhurst,mortensrud,kicker,rothwell
kvow,,palaearctic,,suarez,spotting,spotting,pierced,excellency
spurred,,archdemon,,doses,usl,usl,buzzer,bilwis
mid,,shades,,longchamp,semi,semi,diligence,re
reintroduced,,mosquitoes,,douglass,capillitia,capillitia,transforms,armor
neutralise,,100,,credibility,150,200,little,5
reinforce,,bundy,,mustered,lody,lody,dictatorships,conscience
existence,,moorish,,geo,usefulness,usefulness,portrayals,hendrix
aws,,bonnor,,incidental,bulgars,bulgars,retriever,impeding
regionals,,hinckley,,clamped,schieffer,schieffer,nazerine,samogitia
walternate,,dispatches,,shodan,fiction,fiction,castuera,knew
generous,,duarte,,electronic,gainsborough,gainsborough,undertone,jonny
shawn,,swells,,lynx,michaels,michaels,overcast,classify
amok,,plague,,struggles,gunmetal,gunmetal,amazon,congresswoman
pedagogical,,schnaubelt,,staunch,oseary,oseary,ascendancy,bivouac
blacknose,,monoxide,,uns,carcharhinus,carcharhinus,protrude,macintosh
sunnydale,,criminal,,33,stannary,stannary,fegelein,bowl
tromsø,,emancipation,,'arianna,borderers,borderers,indulgent,mizuta
uninjured,,ingest,,verdicts,asthmatic,asthmatic,ferrars,co3
misleading,,suzie,,peregrines,jaded,jaded,seymour,animatic
1679,,srinivasa,,placebo,1310,1310,‡,upscaled
newark,,tellico,,hindquarters,burlington,burlington,precedents,secondaries
trenchard,,width,,guinan,height,height,euler,purity
submachine,,jaume,,denver,szent,szent,entrainment,tarp
ethnically,,bascule,,rsk,trailhead,trailhead,creamy,blowin
spikes,,j.h,,mutants,cream,cream,repartee,goaltenders
offering,,quico,,sic,reimbursement,reimbursement,stephenie,jiva
euskadi,,shōnagon,,remedied,cannondale,cannondale,untitled,icu
srpska,,toast,,cheirogaleus,republika,republika,1605,adeka
cropped,,3mc,,trident,insectivorous,insectivorous,gert,potemkin
islet,,249,,privatized,149,149,adversaries,bacteriology
suitor,,sparked,,synths,premonition,premonition,crucified,orbit
musings,,filipino,,sean,manchu,manchu,gallatin,jinnah
newman,,proprietary,,celled,caldwell,caldwell,aliases,epidemiology
gypsum,,pea,,stroke,brackish,brackish,hiking,schérer
categorised,,contiguous,,imagining,disjunct,disjunct,tactician,weren
viscosity,,kiska,,milder,balikpapan,balikpapan,etonians,iroquoian
southborough,,escaped,,euler,suffered,suffered,éric,precincts
guts,,anhui,,geopolitical,curls,curls,holt,mahdi
ups,,cessna,,cheeky,coburg,coburg,withoos,cults
glencairn,,timon,,trippy,romo,romo,materialized,dissipate
transcriptions,,miserable,,baryogenesis,pronunciation,pronunciation,vasudans,ballycloran
nebulosa,,adheres,,disbandment,jorgens,jorgens,bayswater,ico
congestion,,alla,,fixation,niven,niven,intraperitoneal,geddes
censorial,,kramer,,pride,giancarlo,giancarlo,kernel,confucian
revolved,,larval,,collapse,aqua,aqua,paint,placenames
hungarian,,sneaking,,fitch,swedish,swedish,aetna,perhaps
expressionist,,interpolated,,maidens,alphabetic,alphabetic,intricate,perpetrator
postmaster,,malay,,altered,114th,114th,fairbanks,wycombe
castles,,scars,,joystick,settlements,settlements,forrester,chihiro
superior,,flooring,,indiscriminate,frontier,frontier,electrophoresis,trodden
appreciable,,dissertations,,chores,clocked,clocked,taxis,neighborhoods
pva,,cw,,davar,abc,abc,option,andros
conspiratorial,,surveys,,biochemical,observations,dana,ogilvy,hamurabi
grantees,,families,,michel,latgawa,latgawa,grains,chihuahua
886,,musicals,,jumper,783,783,salt,villainy
owing,,transforming,,596,indicating,indicating,crowe,sediment
marquis,,goldeneye,,missaukee,alias,alias,augsburg,combination
sbc,,perched,,released,laguardia,carneys,nehru,non
čilić,,caudillo,,antelope,virginity,virginity,outs,baal
wreaking,,fairhaven,,sunflowers,standish,standish,archbishop,aggressive
ecstatic,,assumes,,hatred,allows,allows,publicise,nettles
smog,,miscommunication,,radama,slingshot,slingshot,piraeus,fundamentals
delegated,,greek,,explosive,serbian,serbian,veracity,nanking
deduction,,foreshore,,receivers,peculiarly,peculiarly,163,inventors
todo,,rotating,,253,deadpan,deadpan,ui,libertarian
bilbao,,dooku,,safe,wildside,wildside,16th,matthew
millcreek,,professional,,keemia,amateur,amateur,more,exhumation
competing,,knees,,citizen,dangling,dangling,sling,overwhelming
jaworski,,lovin,,bharat,drago,drago,uniform,dea
retrieval,,welding,,sonics,clunky,clunky,backhand,elevated
hap,,galaxies,,poer,globular,globular,pastoral,ulisse
authored,,connect,,form,consulted,consulted,koshy,repossessed
a9,,failures,,basin,infiltration,infiltration,yodeling,aphanapteryx
ש,,hitchhiker,,gushing,stapes,stapes,occurrence,mackie
habitually,,331,,dianic,397,397,bancroft,affinities
moshe,,jeffersonville,,nestlings,naughton,naughton,pepe,beal
passwords,,herculaneum,,magnets,subsisted,subsisted,sudan,chakras
recuperated,,reluctance,,goc,nursed,nursed,hydrides,leathery
mca,,honeydew,,anita,sporangia,sporangia,relaxation,tugboats
poqomam,,unavoidable,,robberies,glottis,glottis,staccato,jorgens
coupling,,keynes,,volumes,correctional,correctional,nottinghamshire,finsch
oregonian,,holden,,trakai,christgau,christgau,berg,advantageous
showcase,,kỳ,,emile,revive,revive,teepee,dictatorship
divide,,deseret,,chopped,pipil,pipil,funes,summers
armistice,,slugging,,honshu,・,・,ceremonial,bajorans
solely,,drooping,,calamine,exclusively,exclusively,ems,cleomenes
delights,,eased,,incorporated,lbws,lbws,businesses,skapinker
akizuki,,kuril,,security,groton,groton,perche,petals
decompressed,,urging,,eater,reaffirmed,reaffirmed,decried,stallions
dorn,,allbritton,,mosh,alphonso,alphonso,moolin,galbadia
verity,,reemerged,,filmography,6f,6f,jewry,armillary
patches,,masthead,,ridley,fleshy,fleshy,championship,behavioral
701,,wba,,travancore,134,134,airmen,261
ao,,ramsbury,,eklund,anhui,anhui,software,salting
stub,,surcouf,,knights,6f,6f,marc,sustenance
climbing,,michiel,,changeover,squirrel,squirrel,shallows,reconquest
vishnuvardhana,,alternating,,casino,billowing,billowing,581,m1
rheims,,pitching,,weld,starters,starters,bluntly,vázquez
tsunami,,homeward,,scares,rainbows,rainbows,rockabilly,anzacs
troupes,,tully,,fodder,correa,correa,swain,miyagi
sociology,,quashed,,caverns,uninterested,uninterested,tbilisi,yoshikawa
apache,,lockerbie,,governors,mersa,mersa,segunda,ew
1932,,budget,,praised,1926,1926,seabirds,march
rpgamer,,post,,revered,courier,courier,radioshack,century
vafþrúðnir,,pointedly,,kariya,alanis,alanis,saddam,umfolozi
cuevas,,routines,,157,mardi,mardi,caustic,seeming
wiring,,fabrics,,experience,abutments,abutments,mas,applauding
deposing,,unseat,,pa,6f,6f,coinage,mickie
beauforts,,lechuck,,duleep,pleiku,pleiku,fiesta,texts
pelted,,jervois,,val,vacillated,vacillated,scored,lützow
reconvened,,bait,,lowermost,worshipping,worshipping,castor,edges
artefact,,fainting,,1166,regimens,regimens,snowfalls,takeover
breathtaking,,latex,,seize,readability,readability,carelessly,supposed
visitor,,sekai,,victories,icing,icing,tanaka,roof
excise,,suns,,concert,hanseatic,hanseatic,chuj,yet
fictionalized,,checked,,hushovd,conveyed,conveyed,screening,preview
loyola,,authorizing,,lesser,bethlem,bethlem,coker,synchronized
frs1,,peleliu,,irv,salerno,salerno,blu,x2
faeces,,academic,,699,institutions,institutions,danton,breasts
suspense,,therapist,,intercolonial,paints,paints,encore,ante
clarendon,,telescope,,if,telescopes,laboratories,navratilova,$
435,,stratum,,npf6,795,795,promulgated,wiiware
darius,,slums,,merchantman,denton,denton,bantam,things
directions,,agrarian,,reparation,genres,genres,medallists,winger
tryout,,spaceship,,manatee,simulates,simulates,eurogamer,withdraw
summation,,isagoras,,discharge,dragnet,dragnet,displace,baines
newmarket,,lakeland,,wintered,chennai,chennai,tagline,marcelo
haque,,1rar,,depletion,hindustan,hindustan,cyber,gao
malaysian,,valverde,,deployed,lazio,lazio,rootstock,staffed
bolsheviks,,when,,zap2it,after,after,'s,until
opatija,,metamorphosed,,legacy,6f,6f,mila,make
sincere,,ewart,,darkest,douglass,douglass,moksha,responding
bassoon,,jim,,carvings,michael,michael,offaly,palicki
reptiles,,manche,,panky,vertebrates,vertebrates,société,majesty
shelves,,prawns,,anjouan,larynx,larynx,cnvc,paradox
injections,,lancastrian,,1566,ecclesiastics,ecclesiastics,estación,torbay
parable,,pleiku,,finalists,reprisal,reprisal,simulated,ghenea
fatality,,validly,,cma,predicament,predicament,leszczyński,megan
teaches,,roddenberry,,mdot,rejects,rejects,wayman,depose
economically,,atm,,respecting,genetically,genetically,rayner,initiate
symington,,chaloners,,grady,cromwellian,cromwellian,wick,skepticism
(,,theodosius,,stoller,.,–,–,/
sweetest,,1277,,rickey,shedding,shedding,bono,veneto
bray,,pleiku,,sauber,tarakan,tarakan,'amore,processing
1741,,antibiotic,,gastric,1290,1290,greenville,bbc
displace,,rally,,identities,cairo,cairo,farcical,murky
consideration,,swordsman,,generally,fouls,vendetta,wrecks,shy
racks,,cameras,,insides,platforms,platforms,saban,plot
syrmia,,pans,,dictatorship,notches,notches,reelected,standalone
stamps,,frankie,,simulants,angus,angus,categorizing,intergovernmental
troublemaker,,brethren,,kohl,kaqchikel,kaqchikel,unlawfully,petén
proceeding,,barbeyella,,climb,reassurance,reassurance,manifested,complements
pathogenic,,interactive,,leakage,licensed,licensed,access,multicolored
vanuatu,,c,,grew,fibration,fibration,badlands,km
narwa,,ghastly,,surrounding,6f,6f,.38,an
beauvoir,,1882,,gelderland,1908,1908,trachea,retreating
punts,,unwise,,formbys,tds,tds,represented,ignored
regalia,,willimon,,charade,erika,erika,sdp,electrostatic
thom,,pleasant,,dull,isabel,isabel,lactate,paranoia
suspect,,1480,,-ma,980,980,quatre,slotting
sexist,,several,,fosdick,many,many,her,its
asiaticus,,palms,,bayonet,stingray,stingray,refuted,stockings
vesicles,,terriers,,dikes,terrier,terrier,tedder,wakashū
wreaths,,reo,,keeps,yar,yar,ile,persoon
cocaine,,revenue,,variability,securities,securities,ignorant,dunlap
dualshock,,smackdown,,outlawing,ecw,ecw,webster,lucan
singapore,,blatantly,,concurred,nymph,nymph,marking,devolver
gillingham,,watercolours,,takako,homers,homers,lacchi,steeltown
trailhead,,hueneme,,mateo,conic,conic,muscles,priestley
rubinstein,,iconographical,,cine,mackerras,mackerras,gog.com,interiors
quong,,lanier,,mints,decandido,decandido,coins,nsw
williamson,,snes,,policies,steers,steers,pentland,mortimer
ptv,,weasels,,reentering,soy,soy,cos,nephews
howard,,kamui,,artefact,keith,keith,anachronistic,casket
'easter,,weir,,759,beagle,beagle,ingram,simulator
greenville,,stile,,kinship,nethy,nethy,tele,brother
eclecticism,,leftovers,,séez,penetrator,penetrator,matched,knocked
weirdness,,ironic,,approximation,teasers,teasers,prevailed,beefsteak
owe,,worst,,overthrow,hadn,hadn,ridha,crusade
waterfall,,unix,,broek,cloister,cloister,gannon,drummond
apc,,globemaster,,sanjay,stratofortress,stratofortress,loopholes,ibuki
transits,,theosophical,,tórshavn,lineages,lineages,nsac,banquets
purana,,kuyt,,stretches,yu,yu,identifies,merzenich
svaars,,indus,,vomiting,concepción,concepción,roberson,dga
amida,,troopships,,sharpe,taiyuan,taiyuan,imposing,berridge
asymptomatic,,aquarium,,shoop,epidermal,epidermal,banners,dilapidated
gordie,,syme,,miracles,cavanaugh,cavanaugh,angular,camden
kissed,,hope,,unopened,wish,wish,favre,fate
verde,,competent,,outraged,hari,hari,1383,thrived
withstand,,garage,,billy,dump,dump,sexism,navarre
subtext,,lung,,anglers,carcinoma,carcinoma,connections,akihabara
endnotes,,hostile,,valkyria,diplomats,diplomats,hospitalised,pleased
rebuilt,,bounties,,1221,demolished,demolished,polytron,sheep
truro,,isil,,exceptionally,damietta,damietta,mimic,holding
1592,,tramway,,amagi,opéra,opéra,zoic,held
rigel,,heisler,,rehearsed,zoromski,zoromski,knives,illegitimate
knack,,canso,,penrose,travails,travails,myrmicinae,castile
pall,,kurds,,advocates,236th,brower,robots,medalist
pearce,,robins,,aluminum,smedley,smedley,arches,angolan
subspaces,,nightmarish,,yesterday,discontinuities,discontinuities,covington,irritable
loyalist,,capitalist,,sicily,avowed,avowed,gripping,1733
arne,,inherited,,beds,pierre,pierre,1763,shoal
pauline,,writ,,uncultivated,proclamation,proclamation,siempre,baines
blur,,virgins,,needs,wea,wea,confederation,calls
sausage,,rossdale,,330,mardi,mardi,worthless,oxidiser
airship,,overfishing,,sow,corvettes,corvettes,pier,brampton
jewels,,disowned,,abruptly,fathers,fathers,locking,baseline
brenton,,loosely,,norm,fictionalised,fictionalised,firms,infrastructure
pepe,,pigeye,,speer,blacknose,blacknose,secularism,woodruff
dying,,endeavors,,1753,pretension,pretension,movies,commercially
robotic,,742,,ljubljana,wal,wal,470,clinics
marching,,79,,capitals,86,86,synapomorphies,arakan
kinzer,,1701,,cel,tilden,tilden,vip,scorn
danton,,abelian,,continual,aintree,aintree,congregate,perching
booklist,,abundantly,,maryanne,caelifera,caelifera,satisfactory,gdc
scholastic,,bowes,,escaped,goldwyn,goldwyn,pavia,beforehand
should,,silverware,,martini,might,might,approximately,did
pby,,pnt,,flirting,hulled,hulled,isoprenoids,stockade
summarizes,,seminoles,,ensign,forres,forres,outdoors,distinctions
tokyo,,alleviated,,plass,surveying,surveying,haruo,canyonero
fordyce,,giri,,flu,lounges,lounges,mercian,sereno
ayresome,,1673,,phenotypes,suwannee,suwannee,catechism,tiles
lutz,,inline,,incompatible,kemp,wombacher,foreshadows,lessening
bhp,,norms,,rafale,contempt,contempt,indonesia,40
clarinet,,amusing,,orne,timeless,timeless,producer,organism
keir,,currently,,blinded,obsoleta,obsoleta,noctilio,hardcover
reels,,laramie,,buddhism,coaxial,coaxial,griffiths,klm
sis,,cheating,,transition,letitia,letitia,violated,digestion
predynastic,,asociación,,epigenetic,darley,darley,enrollments,1536
membered,,refraction,,rifles,conductive,conductive,readmitted,basidia
toro,,washed,,rivière,swept,swept,simone,martí
carthaginians,,elections,,manual,election,election,marvelous,chipset
fennel,,tonight,,flotilla,doc,doc,carothers,composites
algal,,.69,,sturgeon,eukaryotic,eukaryotic,imported,note
tenet,,compositing,,plagues,swartzwelder,swartzwelder,helens,theory
sergio,,advertising,,ties,stiller,stiller,prue,attacking
mountainous,,communicated,,riverbed,forested,forested,gospel,currencies
'oyly,,fungi,,gleaner,978,978,aya,collegiate
according,,600,,charlatan,000,000,reporter,years
guianan,,funds,,fathers,legislation,legislation,arose,ours
sprinkled,,1256,,rupture,itf,itf,glassy,merely
valkyrie,,drunkenness,,mumford,embodiment,embodiment,leds,mitigating
zhuge,,polymorpha,,quails,koteas,koteas,licences,ups
chajoma,,scialfa,,function,motherless,motherless,weary,bottle
league,,rubble,,theory,leagues,leagues,day,before
attending,,reclassified,,patents,treated,treated,alif,promotions
despuig,,nursed,,egyptians,returner,returner,xl,terram
inflammation,,newsday,,4800,inventiveness,inventiveness,independent,deejay
epsom,,brian,,modems,r.,r.,married,libre
absentia,,stoddart,,internees,portillo,portillo,fractured,jogaila
primus,,authoritative,,above,dor,vladimirescu,polypeptide,£
cutaways,,benznidazole,,avoids,pseudomonas,pseudomonas,censure,feast
arrowhead,,kubisch,,californium,loft,loft,x02,monday
toni,,enefit,,imprecise,hampstead,hampstead,kam,grasslands
bras,,bannermen,,rave,cannibalism,cannibalism,suo,kawkawlin
oblivious,,paddle,,domini,sawed,sawed,unsound,gerrold
family,,phantoms,,adolf,large,large,further,season
đorđević,,bishopric,,withdrawing,vermillion,vermillion,vulgar,höchstädt
gaveston,,pisa,,lakselv,lupin,lupin,moderating,wohlwend
rehearsals,,dorn,,m6,moritz,moritz,manoeuvred,fannie
reforming,,snooker,,deen,reestablished,reestablished,wildebeest,bloodstream
archive,,grandidier,,dre,theosophical,theosophical,sanctuaries,altricial
sharpe,,superpowers,,courchevel,delonge,delonge,jagd,outcrop
296,,jumbled,,bologna,592,592,supreme,char
mail,,inferred,,undercut,guardian,guardian,companionship,unaccounted
968,,packers,,duality,622,622,eugène,485
butt,,extracts,,commemorations,lizard,lizard,admonishes,risc
jarrars,,horrors,,jellyfish,cataloguing,cataloguing,repelled,cadillac
shirtless,,assailed,,degesch,impersonating,impersonating,lowlands,fairy
janković,,kline,,pisa,mauresmo,mauresmo,inflationary,causal
recoil,,kiosks,,talkin,honeycomb,honeycomb,spiral,dragging
giorgio,,concurrently,,evanescence,concurrency,concurrency,brith,stalls
foliot,,imagination,,amongst,messiaen,messiaen,hisses,masers
cassie,,sagittarius,,shahrbaraz,metagenomics,metagenomics,1332,1902
forbidding,,malnutrition,,mitchells,softening,softening,atsushi,rave
birkerts,,toulon,,airline,boroughbridge,boroughbridge,asymmetrical,farnsworth
fractious,,butai,,branca,6f,6f,staunch,guardianship
heady,,transverse,,alsace,bulkheads,bulkheads,fools,overrule
zoo,,contests,,dramas,usc,usc,accuse,downing
bail,,affable,,vrb,pesos,pesos,mcdowell,ichijinsha
ss,,np3,,interestingly,françois,françois,hourly,highlands
3s,,timeframe,,partook,096,096,primates,ymax
griffiths,,abiding,,jokingly,arnott,arnott,akagi,asthma
crescendo,,hyperactive,,organizer,gorgeously,gorgeously,misinterpreted,molten
939,,1736,,misread,1126,1126,hermaphroditism,egm
replenishment,,workstations,,treble,tellicherry,tellicherry,attack,nonary
selections,,cantata,,soloists,stele,stele,béxar,1677
nme,,wru,,harrington,gamespy,gamespy,bimonthly,trading
amanda,,scots,,musson,angus,angus,spectroscopic,niobrara
vibration,,manna,,kidnappings,propulsive,propulsive,sweater,immaterial
vaults,,nerf,,removing,radiocarbon,radiocarbon,oboe,communicates
bilbao,,sony,,deduction,emi,emi,headliners,patriarchs
extensive,,bramwith,,bryan,extragalactic,extragalactic,mi,queensbridge
75,,creswick,,charming,81,81,quandary,mahayana
sidi,,tear,,oxendine,nucleolus,nucleolus,967,garrett
gaba,,rapidity,,newsreels,automate,automate,～,haze
kotche,,retraced,,pileggi,solder,solder,stimulated,collars
determined,,confidence,,stout,determine,determine,whorls,xiu
frenetic,,antioch,,ijn,vivant,vivant,442,dimensional
avoided,,glut,,canisters,instituted,instituted,tavares,starch
banca,,palms,,duress,prestwich,prestwich,panzer,outhouses
inventors,,brilliantly,,phish,excellently,excellently,melissa,tirpitz
pandey,,71,,papery,32,32,1165,submitted
drury,,implacably,,signatories,'donovan,'donovan,quayside,guinness
understandable,,kancelled,,hoot,unbelievable,unbelievable,ashbee,meridian
ass,,téa,,931,soulful,soulful,forewings,entrained
twisted,,greenlit,,espionage,hammock,hammock,fifteen,spiritualist
compels,,eaa,,antónio,uspto,uspto,cloudiness,bloodied
malloy,,carapace,,davisville,assertion,assertion,beaked,rebellious
markets,,infective,,lourdes,industries,industries,authorized,2003
lautner,,flyer,,tangible,catering,catering,alga,ishikawa
malfunctioning,,theo,,østfold,potts,potts,branksome,swanton
tartar,,enabled,,cawston,hoping,hoping,overwhelm,candidates
synoptic,,peeled,,vamp,heaters,heaters,gregorio,waffen
valerie,,tur,,regular,nanette,nanette,johansson,mat
tremayne,,mcelroy,,gabrielle,hanks,hanks,simultaneously,undermine
dial,,finalist,,rig,wanting,wanting,watercolor,budgetary
heroin,,then,,clairvaux,subsequently,subsequently,many,2011
preview,,hooley,,kartheiser,prequel,prequel,pulau,waitin
steamboats,,auto,,shelters,iv,iv,frenchtown,dy2
chartered,,inactivity,,stds,steamship,steamship,shakur,reznor
disrupts,,basile,,propagation,topolski,topolski,combining,flourished
hotspot,,kohala,,monopolised,peloponnese,peloponnese,germanus,maasai
compose,,æthelwealh,,bnsf,write,write,climber,worms
shrink,,scialfa,,protrude,girish,girish,hegemony,nematode
wrangler,,ipc,,affectionate,iupac,iupac,collaboration,distributes
cantharellus,,towers,,flexed,tower,arches,wane,expatriate
emphasised,,sakanaction,,lilies,clarified,clarified,303,1829
dunkirk,,channeling,,dougherty,surging,surging,outran,passivity
allowed,,1158,,throated,believed,required,bilge,how
hornberger,,581,,antithesis,477,477,whistler,drury
brentford,,hermann,,conan,espiritu,espiritu,cynic,favre
trousers,,establishes,,persian,flower,flower,zeke,longed
henning,,loa,,ajg,formio,formio,irlam,converted
pubic,,3b,,rcsi,peniophora,peniophora,druze,apathy
controversially,,flagstaff,,invertebrate,holtby,holtby,batted,slideshows
disappearance,,rpgs,,key,expulsion,expulsion,venice,ozawa
abaft,,marco,,purported,räikkönen,räikkönen,sputtered,canterbury
elated,,potomac,,ostracized,rhine,rhine,1770s,oslo
scabrella,,disappointment,,qualities,pressler,pressler,tak,using
781,,choirmaster,,curry,kristiansund,kristiansund,keto,specializations
opinion,,aboriginals,,1100,policy,policy,collectors,hogwarts
carefully,,yeager,,lesson,planes,planes,vijaya,teammates
ambushes,,călinescu,,bison,goulian,goulian,sawfilers,winning
anzac,,ruggiero,,ruthin,wehrmacht,wehrmacht,sarsgaard,muster
superstition,,agathosmus,,gartner,hispanica,hispanica,fenians,clut
feynman,,fourths,,gagged,jannon,jannon,lecturer,ordinarily
caterpillar,,taaramäe,,militarily,stansfield,stansfield,darkest,sentences
whitaker,,tis,,libel,francine,francine,disrepair,ain
normandy,,mohareb,,is,toulon,disembarking,sassanid,5
okinawan,,romanus,,evolving,leconfield,leconfield,aml,greedy
sprinter,,allentown,,korea,washtenaw,washtenaw,greene,refrained
augusto,,generations,,covenants,decades,decades,funnier,progressive
pre-,,sol,,183rd,oriente,oriente,molded,fisichella
mersa,,lesbians,,depict,tanjung,tanjung,209,scobie
way,,alkan,,gabon,pre,pre,ships,first
provisioned,,beet,,committeeman,perishable,perishable,prophet,consummate
usaaf,,shiloh,,road,hussar,hussar,slaughtered,$
cold,,conch,,injected,stormy,stormy,arched,ranna
jacob,,nightmarish,,corrosion,colleague,colleague,149,oldsmobile
biochemical,,709,,belloni,fluorine,fluorine,petit,pye
alga,,marker,,kromer,mats,mats,rann,issued
hue,,revolt,,scarcely,rebellion,rebellion,rhodesia,text
attends,,mackinnon,,covent,kershaw,kershaw,shikoku,peninsular
kaur,,bag,,corresponding,marguerite,marguerite,drifts,unguided
hypothetical,,tisdale,,loaded,yinglin,yinglin,phineas,handful
sign,,krasnyi,,abram,cooperate,cooperate,curses,guerrera
boulder,,invite,,testified,grasshopper,grasshopper,erick,stadio
winslow,,inquisition,,guidelines,arrondissement,arrondissement,partnered,mistrust
sonja,,crossland,,corset,abram,abram,doria,bardufoss
ahsan,,lenses,,polytheistic,vermin,vermin,socon,jbl
730,,shamanism,,chavez,940,940,opm,grabar
cang,,fjord,,feliz,disrespect,disrespect,slavonia,taj
sarcophilus,,1582,,search,stabia,stabia,insights,kartik
witchcraft,,bonn,,approximants,islamic,islamic,presidente,xiu
shaw,,glottis,,reveals,pigot,pigot,damned,elements
full,,brennan,,strut,1946,1946,52nd,parishes
vicki,,heath,,quiney,sandy,sandy,727,envy
secunda,,heights,,lambing,pcbs,pcbs,nigel,bayesian
shiban,,bottas,,nichols,1297,1297,wizarding,intervened
sperrle,,contrast,,surprising,comparison,comparison,edith,bossy
